,pub_date
0,2022-10-13 03:25:39+00:00
1,2022-10-24 23:02:41+00:00
2,2022-10-05 09:00:29+00:00
3,2022-10-04 20:05:17+00:00
4,2022-10-21 01:33:27+00:00
5,2022-10-19 00:03:38+00:00
6,2022-10-14 21:14:11+00:00
7,2022-09-30 21:27:25+00:00
8,2022-10-11 21:30:40+00:00
9,2022-10-11 16:59:12+00:00
0,2022-10-08 09:00:21+00:00
1,2022-10-06 23:32:47+00:00
2,2022-10-04 00:14:58+00:00
3,2022-09-29 23:00:00+00:00
4,2022-09-15 23:46:50+00:00
5,2022-09-28 19:55:53+00:00
6,2022-09-03 09:00:03+00:00
7,2022-08-31 17:10:14+00:00
8,2022-09-22 23:22:58+00:00
9,2022-08-30 17:01:21+00:00
0,2022-09-21 23:49:22+00:00
1,2022-09-20 17:58:54+00:00
2,2022-08-27 23:32:28+00:00
3,2022-09-05 16:37:43+00:00
4,2022-09-19 23:24:43+00:00
5,2022-09-19 07:00:08+00:00
6,2022-08-26 23:24:18+00:00
7,2022-09-17 01:13:03+00:00
8,2022-08-26 22:20:24+00:00
9,2022-09-17 01:23:09+00:00
0,2022-09-16 19:13:58+00:00
1,2022-09-16 22:13:07+00:00
2,2022-08-26 23:09:53+00:00
3,2022-08-27 19:44:40+00:00
4,2022-09-14 22:25:37+00:00
5,2022-08-31 04:12:41+00:00
6,2022-09-14 00:02:06+00:00
7,2022-09-13 13:31:34+00:00
8,2022-09-13 01:59:29+00:00
9,2022-09-12 14:24:57+00:00
0,2022-08-26 13:17:47+00:00
1,2022-08-19 09:00:14+00:00
2,2022-09-10 02:09:38+00:00
3,2022-08-23 00:05:48+00:00
4,2022-09-08 21:02:16+00:00
5,2022-08-15 21:27:41+00:00
6,2022-08-12 22:04:14+00:00
7,2022-09-08 00:16:36+00:00
8,2022-08-09 23:07:08+00:00
9,2022-08-18 23:20:35+00:00
0,2022-09-07 09:00:40+00:00
1,2022-09-06 23:55:27+00:00
2,2022-08-09 20:05:58+00:00
3,2022-09-05 23:33:07+00:00
4,2022-08-16 16:36:14+00:00
5,2022-08-11 20:51:01+00:00
6,2022-08-09 03:12:55+00:00
7,2022-09-02 15:40:43+00:00
8,2022-09-01 15:29:29+00:00
9,2022-08-09 22:10:31+00:00
0,2022-09-01 02:15:14+00:00
1,2022-09-01 23:42:19+00:00
2,2022-08-31 23:06:42+00:00
3,2022-08-12 19:55:35+00:00
4,2022-08-31 17:19:05+00:00
5,2022-08-30 16:49:02+00:00
6,2022-08-09 23:42:03+00:00
7,2022-08-31 13:23:26+00:00
8,2022-08-29 15:02:06+00:00
9,2022-08-29 07:00:08+00:00
0,2022-08-28 23:23:03+00:00
1,2022-08-27 00:28:11+00:00
2,2022-08-27 01:55:42+00:00
3,2022-08-26 15:08:34+00:00
4,2022-08-26 22:38:30+00:00
5,2022-08-26 20:17:00+00:00
6,2022-08-26 21:38:51+00:00
7,2022-08-26 13:38:01+00:00
8,2022-08-25 13:12:58+00:00
9,2022-08-24 22:02:46+00:00
0,2022-08-23 17:05:46+00:00
1,2022-08-23 23:15:11+00:00
2,2022-08-23 23:37:57+00:00
3,2022-08-23 09:00:24+00:00
4,2022-08-22 15:45:40+00:00
5,2022-08-23 20:57:42+00:00
6,2022-08-20 19:00:04+00:00
7,2022-08-20 16:51:59+00:00
8,2022-08-19 22:41:52+00:00
9,2022-08-18 18:20:53+00:00
0,2022-08-18 09:00:17+00:00
1,2022-08-17 23:28:50+00:00
2,2022-08-16 22:07:58+00:00
3,2022-08-16 18:17:52+00:00
4,2022-08-16 01:13:33+00:00
5,2022-08-14 23:58:12+00:00
6,2022-08-15 01:31:23+00:00
7,2022-08-13 15:58:15+00:00
8,2022-08-13 12:00:06+00:00
9,2022-08-13 09:00:12+00:00
0,2022-08-14 14:23:17+00:00
1,2022-08-13 02:26:12+00:00
2,2022-08-11 20:02:38+00:00
3,2022-08-11 18:33:39+00:00
4,2022-08-12 14:37:05+00:00
5,2022-08-11 23:38:17+00:00
6,2022-08-11 23:13:37+00:00
7,2022-08-12 00:22:26+00:00
8,2022-08-11 16:58:24+00:00
9,2022-08-11 03:45:50+00:00
0,2022-08-11 03:20:46+00:00
1,2022-08-11 20:48:00+00:00
2,2022-08-10 10:00:10+00:00
3,2022-08-11 20:47:53+00:00
4,2022-08-10 15:34:28+00:00
5,2022-05-03 10:00:05+00:00
6,2022-08-10 00:03:01+00:00
7,2022-08-10 23:00:05+00:00
8,2022-08-09 03:17:10+00:00
9,2022-08-09 17:09:28+00:00
0,2022-08-09 17:09:28+00:00
1,2022-08-09 02:54:52+00:00
2,2022-08-09 23:52:35+00:00
3,2022-08-09 18:02:17+00:00
4,2022-08-08 23:22:00+00:00
5,2022-08-18 10:00:09+00:00
6,2022-04-17 12:00:14+00:00
7,2022-08-26 18:33:47+00:00
8,2022-08-22 09:00:11+00:00
9,2022-07-04 09:00:21+00:00
0,2022-08-17 16:46:51+00:00
1,2022-08-15 23:00:07+00:00
2,2022-08-17 19:08:25+00:00
3,2022-09-02 00:17:01+00:00
4,2022-08-11 19:56:00+00:00
5,2022-08-12 16:30:41+00:00
6,2022-08-12 00:31:52+00:00
7,2022-09-19 00:39:09+00:00
8,2022-02-18 19:30:18+00:00
9,2022-08-15 18:40:34+00:00
0,2022-08-09 18:20:03+00:00
1,2022-08-11 17:16:18+00:00
2,2022-05-12 16:44:25+00:00
3,2022-08-12 16:37:06+00:00
4,2022-08-10 18:48:27+00:00
5,2022-08-19 20:19:09+00:00
6,2022-04-07 23:45:13+00:00
7,2022-08-09 01:40:55+00:00
8,2022-09-02 15:46:26+00:00
9,2022-04-06 17:38:54+00:00
0,2022-08-09 00:49:12+00:00
1,2022-08-09 00:04:30+00:00
2,2022-01-04 16:49:39+00:00
3,2022-09-09 16:28:08+00:00
4,2022-09-08 05:55:53+00:00
5,2022-01-05 00:56:15+00:00
6,2022-08-28 22:43:41+00:00
7,2022-08-15 23:20:00+00:00
8,2022-10-17 16:34:57+00:00
9,2022-08-12 18:31:19+00:00
0,2022-08-11 02:59:40+00:00
1,2022-08-29 21:01:42+00:00
2,2022-08-17 04:55:31+00:00
3,2022-08-12 09:00:02+00:00
4,2022-08-26 19:29:24+00:00
5,2022-08-16 06:42:56+00:00
6,2022-09-06 04:31:23+00:00
7,2022-08-09 23:50:36+00:00
8,2022-08-09 15:19:26+00:00
9,2022-08-09 23:00:06+00:00
0,2022-08-14 17:58:51+00:00
1,2022-08-23 05:05:09+00:00
2,2022-08-12 15:20:09+00:00
3,2022-09-07 07:01:25+00:00
4,2022-02-01 00:57:10+00:00
5,2022-08-09 22:30:12+00:00
6,2022-08-21 10:00:08+00:00
7,2022-06-25 09:00:14+00:00
8,2022-01-12 21:03:22+00:00
9,2022-08-12 23:21:07+00:00
0,2022-09-13 04:46:07+00:00
1,2022-08-10 20:52:51+00:00
2,2022-08-13 19:00:06+00:00
3,2022-01-06 06:56:03+00:00
4,2022-08-10 10:30:01+00:00
5,2022-08-29 10:00:06+00:00
6,2022-06-21 17:09:41+00:00
7,2022-08-12 05:09:10+00:00
8,2022-04-25 17:03:36+00:00
9,2022-07-16 14:45:45+00:00
0,2022-09-09 09:00:02+00:00
1,2022-08-11 17:00:23+00:00
2,2022-08-18 09:00:05+00:00
3,2022-08-30 19:10:08+00:00
4,2022-08-27 13:03:16+00:00
5,2022-03-18 23:32:54+00:00
6,2022-09-21 15:33:26+00:00
7,2022-08-01 07:00:13+00:00
8,2022-02-02 22:50:51+00:00
9,2022-08-10 18:09:42+00:00
0,2022-09-23 09:00:12+00:00
1,2022-09-22 04:50:21+00:00
2,2022-10-13 15:49:47+00:00
3,2022-10-08 12:32:23+00:00
4,2022-10-14 07:19:40+00:00
5,2022-10-25 09:00:25+00:00
6,2022-09-02 21:30:57+00:00
7,2022-09-22 07:17:25+00:00
8,2022-02-12 10:00:16+00:00
9,2022-08-09 22:14:16+00:00
0,2022-09-13 10:00:05+00:00
1,2022-08-30 21:58:55+00:00
2,2022-10-13 21:51:08+00:00
3,2022-08-22 09:00:15+00:00
4,2022-08-10 20:55:06+00:00
5,2022-10-01 21:03:24+00:00
6,2022-04-30 07:00:14+00:00
7,2022-09-04 21:00:06+00:00
8,2022-09-07 22:34:22+00:00
9,2022-08-26 23:00:07+00:00
0,2022-10-12 09:00:48+00:00
1,2022-09-12 21:15:14+00:00
2,2022-08-12 20:25:24+00:00
3,2022-02-25 11:00:06+00:00
4,2022-08-19 07:00:07+00:00
5,2022-10-13 07:00:06+00:00
6,2022-10-14 10:39:19+00:00
7,2022-03-25 09:00:26+00:00
8,2022-02-02 01:14:29+00:00
9,2022-10-11 23:00:06+00:00
0,2022-09-16 23:02:45+00:00
1,2022-08-12 10:12:40+00:00
2,2022-05-05 00:37:15+00:00
3,2022-08-21 11:16:57+00:00
4,2022-09-23 22:30:07+00:00
5,2022-10-18 18:21:26+00:00
6,2022-08-18 02:31:39+00:00
7,2022-08-18 10:09:08+00:00
8,2022-09-17 21:32:19+00:00
9,2022-08-17 12:04:25+00:00
0,2022-09-17 13:06:06+00:00
1,2022-10-03 22:15:27+00:00
2,2022-06-11 00:42:47+00:00
3,2022-04-09 03:13:22+00:00
4,2022-08-15 11:54:39+00:00
5,2022-08-26 10:27:12+00:00
6,2022-01-31 10:00:23+00:00
7,2022-08-29 09:00:13+00:00
8,2022-05-04 02:50:23+00:00
9,2022-01-05 22:47:56+00:00
0,2022-10-04 09:30:05+00:00
1,2022-07-14 19:46:55+00:00
2,2022-05-04 02:50:48+00:00
3,2022-10-07 13:33:12+00:00
4,2022-09-17 19:32:23+00:00
5,2022-07-23 19:00:06+00:00
6,2022-09-24 13:18:44+00:00
7,2022-09-06 14:21:33+00:00
8,2022-02-10 00:59:44+00:00
9,2022-06-15 06:00:32+00:00
0,2022-05-29 19:15:54+00:00
1,2022-02-13 10:00:11+00:00
2,2022-08-21 20:44:19+00:00
3,2022-08-13 00:02:35+00:00
4,2022-06-12 19:00:08+00:00
5,2022-08-17 15:20:18+00:00
6,2022-02-02 23:37:47+00:00
7,2022-02-25 06:40:26+00:00
8,2022-09-07 23:08:55+00:00
9,2022-09-21 19:24:21+00:00
0,2022-03-06 07:23:24+00:00
1,2022-01-07 00:02:20+00:00
2,2022-05-25 23:46:38+00:00
3,2022-08-16 23:24:53+00:00
4,2022-08-30 18:09:27+00:00
5,2022-02-12 01:55:40+00:00
6,2022-08-12 19:04:44+00:00
7,2022-05-26 23:00:06+00:00
8,2022-10-02 06:24:49+00:00
9,2022-02-23 18:25:26+00:00
0,2022-02-11 00:44:47+00:00
1,2022-01-21 20:48:45+00:00
2,2022-10-19 07:00:10+00:00
3,2022-04-02 09:00:15+00:00
4,2022-08-10 09:03:00+00:00
5,2022-02-14 10:00:22+00:00
6,2022-10-09 10:00:03+00:00
7,2022-08-31 23:04:02+00:00
8,2022-08-24 09:00:07+00:00
9,2022-10-13 19:16:42+00:00
0,2022-03-28 01:37:40+00:00
1,2022-10-13 19:16:42+00:00
2,2022-08-23 09:00:11+00:00
3,2022-09-21 05:06:01+00:00
4,2022-08-30 19:51:40+00:00
5,2022-08-31 20:49:55+00:00
6,2022-07-08 23:40:25+00:00
7,2022-04-26 22:40:47+00:00
8,2022-09-02 21:51:12+00:00
9,2022-08-26 21:46:35+00:00
0,2022-09-23 09:00:33+00:00
1,2022-09-07 10:41:31+00:00
2,2022-09-01 04:31:41+00:00
3,2022-10-05 22:24:13+00:00
4,2022-08-16 21:59:14+00:00
5,2022-08-29 21:45:17+00:00
6,2022-08-10 21:55:28+00:00
7,2022-08-17 21:52:59+00:00
8,2022-09-05 20:48:27+00:00
9,2022-10-06 00:18:04+00:00
0,2022-08-11 04:25:10+00:00
1,2022-09-16 22:00:10+00:00
2,2022-08-31 23:31:17+00:00
3,2022-09-29 04:56:51+00:00
4,2022-08-18 21:00:09+00:00
5,2022-04-18 04:25:43+00:00
6,2022-10-04 22:00:20+00:00
7,2022-08-31 22:00:33+00:00
8,2022-08-19 04:14:19+00:00
9,2022-09-24 14:56:07+00:00
0,2022-08-10 04:14:26+00:00
1,2022-08-09 05:00:31+00:00
2,2022-05-01 10:00:06+00:00
3,2022-03-22 23:01:58+00:00
4,2022-08-16 23:00:06+00:00
5,2022-06-14 23:48:25+00:00
6,2022-06-07 09:00:18+00:00
7,2022-09-07 21:55:35+00:00
8,2022-03-23 15:24:22+00:00
9,2022-05-22 09:00:10+00:00
0,2022-05-22 09:00:10+00:00
1,2022-09-21 21:00:33+00:00
2,2022-09-14 23:58:32+00:00
3,2022-08-14 20:59:45+00:00
4,2022-07-26 15:30:20+00:00
5,2022-01-20 10:00:25+00:00
6,2022-09-12 16:04:01+00:00
7,2022-08-29 23:00:21+00:00
8,2022-09-09 04:59:47+00:00
9,2022-10-03 09:00:17+00:00
0,2022-09-09 04:59:47+00:00
1,2022-08-12 21:48:30+00:00
2,2022-08-11 09:00:13+00:00
3,2022-01-05 00:10:04+00:00
4,2022-10-05 14:11:21+00:00
5,2022-09-07 04:45:23+00:00
6,2022-08-17 23:00:05+00:00
7,2022-03-14 09:00:14+00:00
8,2022-08-14 10:54:53+00:00
9,2022-10-19 07:06:44+00:00
0,2022-10-06 07:00:12+00:00
1,2022-09-16 10:06:14+00:00
2,2022-05-23 09:00:15+00:00
3,2022-04-18 10:24:58+00:00
4,2022-10-13 10:48:39+00:00
5,2022-09-04 11:38:30+00:00
6,2022-06-01 23:00:05+00:00
7,2022-04-28 15:05:54+00:00
8,2022-08-29 10:17:42+00:00
9,2022-05-25 09:00:12+00:00
0,2022-08-29 10:17:42+00:00
1,2022-05-25 09:00:12+00:00
2,2022-09-09 10:31:04+00:00
3,2022-08-31 10:32:14+00:00
4,2022-10-05 10:49:24+00:00
5,2022-08-24 19:57:06+00:00
6,2022-09-29 10:42:36+00:00
7,2022-08-24 23:00:05+00:00
8,2022-05-21 10:17:49+00:00
9,2022-07-31 09:00:13+00:00
0,2022-06-15 09:00:23+00:00
1,2022-03-11 00:00:08+00:00
2,2022-02-24 19:06:28+00:00
3,2022-10-12 09:00:19+00:00
4,2022-08-09 10:37:27+00:00
5,2022-09-01 09:00:15+00:00
6,2022-10-20 17:20:16+00:00
7,2022-09-26 19:01:43+00:00
8,2022-05-03 10:51:55+00:00
9,2022-08-17 10:38:51+00:00
0,2022-05-15 07:00:11+00:00
1,2022-08-23 23:00:04+00:00
2,2022-08-16 10:22:47+00:00
3,2022-08-10 23:58:25+00:00
4,2022-10-06 10:19:01+00:00
5,2022-10-03 10:27:26+00:00
6,2022-08-22 10:27:59+00:00
7,2022-04-28 07:00:11+00:00
8,2022-09-13 10:25:19+00:00
9,2022-09-08 10:41:11+00:00
0,2022-09-21 10:28:41+00:00
1,2022-09-18 07:00:09+00:00
2,2022-09-14 09:00:42+00:00
3,2022-09-06 10:46:30+00:00
4,2022-05-22 09:00:12+00:00
5,2022-05-05 09:00:29+00:00
6,2022-04-18 20:01:20+00:00
7,2022-05-10 20:43:05+00:00
8,2022-08-19 12:48:24+00:00
9,2022-01-06 10:30:06+00:00
0,2022-01-06 08:00:15+00:00
1,2022-01-05 16:48:44+00:00
2,2022-02-15 10:00:26+00:00
3,2022-04-21 09:01:03+00:00
4,2022-07-16 14:42:47+00:00
5,2022-08-25 19:52:50+00:00
6,2022-08-11 16:00:04+00:00
7,2022-09-07 09:00:36+00:00
8,2022-04-29 15:00:17+00:00
9,2022-09-13 09:00:08+00:00
0,2022-08-10 09:00:15+00:00
1,2022-08-15 09:00:23+00:00
2,2022-10-13 21:16:52+00:00
3,2022-05-21 09:00:27+00:00
4,2022-04-11 09:00:24+00:00
5,2022-10-17 09:00:20+00:00
6,2022-06-12 23:45:38+00:00
7,2022-08-24 04:01:01+00:00
8,2022-01-19 07:39:06+00:00
9,2022-09-23 16:21:55+00:00
0,2022-04-24 15:30:06+00:00
1,2022-06-15 16:23:58+00:00
2,2022-02-11 16:20:23+00:00
3,2022-05-05 15:50:26+00:00
4,2022-08-28 15:30:05+00:00
5,2022-09-06 17:56:12+00:00
6,2022-10-13 17:10:47+00:00
7,2022-08-22 20:29:24+00:00
